<PAMDataset>
  <PAMRasterBand band="1">
    <Metadata>
      <MDI key="STATISTICS_APPROXIMATE">YES</MDI>
      <MDI key="STATISTICS_MINIMUM">0</MDI>
      <MDI key="STATISTICS_MAXIMUM">255</MDI>
      <MDI key="STATISTICS_MEAN">220.45258830201</MDI>
      <MDI key="STATISTICS_STDDEV">42.444799701914</MDI>
      <MDI key="STATISTICS_VALID_PERCENT">47.18</MDI>
    </Metadata>
  </PAMRasterBand>
  <PAMRasterBand band="2">
    <Metadata>
      <MDI key="STATISTICS_APPROXIMATE">YES</MDI>
      <MDI key="STATISTICS_MINIMUM">0</MDI>
      <MDI key="STATISTICS_MAXIMUM">255</MDI>
      <MDI key="STATISTICS_MEAN">205.38360235742</MDI>
      <MDI key="STATISTICS_STDDEV">44.719056111881</MDI>
      <MDI key="STATISTICS_VALID_PERCENT">47.18</MDI>
    </Metadata>
  </PAMRasterBand>
  <PAMRasterBand band="3">
    <Metadata>
      <MDI key="STATISTICS_APPROXIMATE">YES</MDI>
      <MDI key="STATISTICS_MINIMUM">0</MDI>
      <MDI key="STATISTICS_MAXIMUM">255</MDI>
      <MDI key="STATISTICS_MEAN">153.05235843325</MDI>
      <MDI key="STATISTICS_STDDEV">38.752139909752</MDI>
      <MDI key="STATISTICS_VALID_PERCENT">47.18</MDI>
    </Metadata>
  </PAMRasterBand>
</PAMDataset>
