guid,name,biography
b45c2a31-c5ab-5f44-af94-ad71e1e24a9d,json singh,"I have worked as a developer in Open Source GIS domain in multiple startups for the past 6 years and built many applications from scratch to production, managed teams, hired people and wore many other hats.I had the honor of working with companies from all over the world including Japan, Switzerland, Australia, US and more.

Now I am volunteering at OSGeo, giving back to the community that has given me access to the whole wide world. 

Work: https://jsonsingh.com/work"
715f48b7-cddf-5338-9c54-bcb1ffaef50f,Astrid Emde,Astrid Emde is a Geospatial Expert and works in Bonn at WhereGroup since many years. She works as Senior GIS Consultant on WebGIS solutions with FOSSGIS. Astrid Emde is an active member of OSGeo and a Charter Member since 2010. From 2017-2021 she was in the OSGeo Board of Directors and is OSGeo Secretary. She recieved the Sol Katz Award in 2018 at FOSS4G 2018 in Dar es Salaam (Tanzania).
71db0dd1-c758-5955-a24d-b1fe58168d7a,Enock Seth Nyamador,"Enock Seth Nyamador is a FOSS4G and Open Data Consultant and advocate. He is an active OpenStreetMap contributor and OSGeo Charter member, as well as a member of the OSGeo Marketing Committee and OSGeoLive PSC. He also participates in the Free software and Free content movements."
b0098fb1-d093-5c70-8ef1-de0d8310d0b2,Marko Letic,"Marko is a software engineer and data visualization enthusiast specializing in geospatial technologies. Currently a Founding Engineer at Fused, he builds interactive geospatial applications using React and deck.gl. Previously, he was a Senior Software Engineer at Foursquare and a Tech Speaker at Mozilla. As the Director of Armada JS, Serbia’s largest full-stack JavaScript conference, Marko is dedicated to community building and knowledge sharing. He holds a Master’s degree in Computer Science and is pursuing a PhD in data visualization."
ed32a5f5-511b-50b3-b064-86bf000fba93,Jorge Sanz,
9428ef15-62ef-5dd8-b134-61bd98b184f5,Tom Kralidis,"Tom Kralidis is with the Meteorological Service of Canada and longtime contributor to FOSS4G. He leads and contributes to numerous projects in the Geopython ecosystem.  He is the 2024 recipient of the Sol Katz Award for Free and Open Source Software for Geospatial (FOSS4G), awarded annually by OSGeo to individuals who have demonstrated leadership in the FOSS4G community.

Tom is the co-chair of the OGC API - Records Standards Working Group, chair of the WMO Expert Team on Metadata, and serves on the OSGeo Board of Directors."
fe45042b-4333-5c18-85f6-34c9dc471f06,Angelos Tzotsos,
f1018d0a-0b48-5b29-ae31-2454995208bb,Just van den Broecke,"Just van den Broecke is an independent Open Source geospatial professional working under the
trading name ""Just Objects"" - https://justobjects.nl. In his daily work
he designs, develops and deploys Open Source geospatial infrastructures, stacks and products.
He is a core contributor to Open Source projects like pygeoapi (also PSC), GeoHealthCheck, Stetl, and NLExtract. He is an OSGeo Charter Member and founder/former-chair of OSGeo.nl, the Dutch Local OSGeo Chapter."
1d3091de-803a-5497-a942-622c05a8c20d,Luís Moreira de Sousa,
980a098b-ba75-535f-a9f0-b2e6e00f83d3,Tobia Di Pisa,"Senior Software Engineer at GeoSolutions, project manager and product owner of MapStore with eighteen years experience on WebGIS applications."
25e0a7ae-eb15-5aa3-9ed2-bdc4f988fd9d,Stefano Bovio,"Frontend developer at GeoSolutions, interested in interactive maps, cartography and 3D visualizations"
3c14d5ad-1de8-55d0-84f4-06d701207a54,Jody Garnett,
552a0c56-5d08-5899-bdfa-8fbaa4a0bc3b,Ian Turton,"Ian is a research software engineer at the University of Glasgow, and a long term contributor to the GeoTools and GeoServer projects."
f5cf7b53-1be1-56d3-a162-b67238de13dc,Andrea Aime,"Open source enthusiast with strong experience in Java development and GIS. Personal interest range from high performance software, managing large data volumes, software testing and quality, spatial data analysis algorithms, map rendering.
Full time open source developer on GeoServer and GeoTools, regular presenter at F0SS4G.
Received the Sol Katz's OSGeo award in 2017."
47c7f1e2-7abf-5c66-974a-78217c153c5d,Berit Mohr,"Berit, GIS enthusiast, promotes and supports open source software. Since 2022 she works with GFA Consulting Group GmbH trzying to push GIS into the development cooperation sector. In Oct2024, she started at OPENGIS.CH, where she advises, trains and manages projects. With her many years of experience in various sectors such as academia, public and the development cooperation context, she brings a global perspective and has an talent for translating and teaching different languages.
In her free time, her best friend is her bike, the garden and the mountains. She spends every free minute in the countryside, if possible"
c3aab149-a022-5279-88f4-aa60f88c927b,Eduard Kazakov,"Geospatial expert with scientific and industrial experience and a passion for open-source GIS. An active member of the QGIS community, serving as a translations coordinator, plugins developer, and event organizer. Currently contributing to building the geospatial stack at NextGIS OÜ and leading the office in Serbia. My favorite aspect of GIS work is geographic modeling and addressing environmental challenges."
bd6e586a-1a9d-58bf-ae65-de9992689cb5,Aleksei Novikov,
18f9c306-9ff3-5dfd-9c00-15530351092b,Yuri Astrakhan,"* MapLibre Co-founder, currently serving on the board
* Maintainer of Martin tile server
* Created Wikipedia API, Maps, and Graphs
* Former principle engineer at Elastic (elasticsearch)
* Currently at Rivian"
69edf44d-754a-59fc-af1c-0338a8e348fb,Giovanni Allegri,
094b6b92-f4b4-5388-9fcd-ae0db93e62b0,Mattia Giupponi,
40e7266c-efcd-59ca-b662-2043d79dcad5,Hans van der Kwast,"Hans van der Kwast is an Associate Professor in Open Science and Digital Innovation at [IHE Delft](https://www.un-ihe.org/) and a QGIS certified trainer. He runs his own company [QWAST-GIS](https://www.qwast-gis.com/), shares free course materials on [GIS OpenCourseWare](https://courses.gisopencourseware.org), is co-author of the book [QGIS for Hydrological Applications](https://locatepress.com/book/hyd2) and has a popular [YouTube Channel](https://www.youtube.com/@hansvanderkwast). He is also a board member of the [Dutch QGIS User Group](https://qgis.nl/) and a member of [QCooperative](https://www.qcooperative.net/)."
801d0e78-9b96-58a0-bafc-d97dff4ac4af,Alen Mangafić,"I work at the Geodetic Institute of Slovenia in Ljubljana, contributing to various projects as a Data Scientist, Remote Sensing Analyst, GIS Coordinator, and Specialist. My work primarily revolves around the analysis of multispectral, hyperspectral, and SAR imagery, as well as LiDAR point clouds - but I enjoy tackling data problems of all kinds. I rely heavily on Python, GRASS, GDAL, PDAL, QGIS and PostgreSQL for data torturing and distribution. I love Linux. I currently serve as the secretary of the Slovenian OSGeo Local Chapter."
3d704848-70d3-5752-9894-644ea9e9f475,Tomaž Žagar,"I’ve been building GIS solutions at the Geodetic Institute of Slovenia for over 15 years, working across the stack on everything from web mapping applications to data processing pipelines. My background is in biomedical engineering, but I found my way into geospatial tech through the field of automation — and I’ve been streamlining processes and visualizing data ever since.

I’m still more of an open source power user than a contributor — but I hope someday I’ll carve out the time to give something back to the community."
5311b763-3f10-5de9-a5ef-2868eff0adaa,Petya Kangalova,"With over 10 years experience working in the international development and humanitarian sector, I would describe myself as an open tech advocate, a community builder, a facilitator with strong commitment and passion about making the tech industry more diverse and inclusive!

https://www.linkedin.com/in/petya-kangalova-43a2423b/
https://www.hotosm.org/people/petya-kangalova/"
286fd92e-2e5f-5063-952d-10f4847eb917,Sam Woodcock,
39c9ddc1-e387-5fbd-96e1-354958d54077,Luka Stemberga,"M.Eng in Geodesy and Geoinformatics, with over 5 years of experience in full-stack software development, GIS, remote sensing and data science. I'm currently working as Lead Software developer. Due to my involvement in various LIST LABS projects, of which all include use of React, OpenLayers and Tegola, I gained sufficient knowledge to design and develop highly efficient algorithms and quality webapps."
d023f134-ea12-5639-a33f-f93035a573f2,Ivan,"Mag. Ing. Silv. specialized in Urban Forestry, Nature Conservation, and Environmental Protection. With over two years of experience in front-end web development, I bring expertise in creating dynamic and user-friendly web applications.
Currently, I am a Front-End Developer at LIST LABS, where I specialise in developing Web GIS applications for diverse projects. My technical stack includes React, Redux, TypeScript, and OpenLayers, enabling me to deliver efficient and scalable solutions that integrate geospatial data visualisation and interaction."
2f862775-68a3-5bae-9cfe-676b572c4556,Seth Girvin,"Member of the MapServer PSC, OSGeo Charter Member, and Ireland's OSGeo Chapter"
155bd00c-9868-500d-ad98-59f9c17da5af,Jordi Blanch,Contributor to the development of the Giswater project in BGEO
0d5fb445-b9e5-5c7c-9268-73e2ac327eec,Maria Guzmán,I'm environment scientist with Master's Degree in GIS and currently working at BGEO OPEN GIS SL carrying out tasks related to database development and GIS projects.
94fe433f-4765-5ff0-9b8b-0b0f01dc95fd,Stephan Meißl,"free and open source software, open data, maps, space, entrepreneurish, at @eox_a, skiing, climbing, occasionally Sherlock"
576db45f-7e2d-57d5-9a56-ddb6b4378805,Anca Anghelea,"Remote Sensing scientist and Open Science Platform Engineer at the European Space Agency - Department of Climate Action, Sustainability and Science. 
Leads ESA's strategic initiative EarthCODE (earth code.esa.int), implementing the vision of EO Open Science by enabling adoption of FAIR in the scientific practice."
90854e88-a84e-500c-b81b-dcb38969815d,Deyan Samardzhiev,"Deyan Samardzhiev is the Founder and the Director of Engineering at Lampata. He specialises implementing geospatial cloud-native solutions within various enterprises and the public sector at both the local and government level. His expertise lies in architecting cloud-native environments, building distributed controls, and enabling organisations to leverage spatial data effectively for improved decision-making and operational efficiency. He is key personnel in a variety of leading research projects, most notably, ESA's EarthCODE and part of the Pangeo community. A core part of his approach is guiding private sector projects to transition into open-source initiatives."
041c590d-9afc-51fd-bd98-bf1acb992ed8,Anne Fouilloux,"Anne Fouilloux, a Senior Research Engineer, specializes in Open Science, FAIR data, and Big Data analytics. With a PhD in Atmospheric Physics, she has contributed to Pangeo and EOSC (European Open Science Cloud), focusing on data management, Earth system modeling, and scalable computing. A strong advocate for Open Science, she advances data accessibility and interoperability to drive scientific innovation."
6cc2b85e-ab72-5d89-9690-5ed3636b786b,Kurt Menke,"In early 2021, Kurt moved from the USA to Denmark and now works for Septima in Copenhagen, Denmark. He has a broad skillset. He is a spatial analyst, cartographer, trainer/teacher and author. He has just published his 10th book on the open-source GIS software QGIS with Locate Press. In 2015 he became an OsGeo Charter Member. He is also a fellow of the Rewilding Institute and a board member of Wild Arizona."
ed445672-da30-5dd5-8ce7-bb4bc298bdab,Jakub Bobrowski,"GIS specialist. Professionally engaged in acquiring, processing and analyzing information - public, spatial and environmental information. The author of many implementations and studies on spatial analytic underpins the decision-making process in the process of assessing the impact of planned investments on the environment. Author and co-author of many spatial data sets, open source data solutions and author of legal regulations related to the functioning of protected areas in north-eastern Poland. In scientific terms, I am involved in the use of GIS in a analysis related to renewable energy sources. More at: https://www.linkedin.com/in/jakubbobrowski/"
135128ad-3e98-547f-9198-665166ffa035,Emma Irving,"Dr. Emma Irving is a co-founder of the Fénix Foundation, a Netherlands-based NGO with a mission to leverage technology to support international justice, peace, and accountability. Emma is an international lawyer specialized in international criminal justice and technology, with a particular focus on digital evidence. In addition to being part of a pool of consultants for the Council of Europe regarding the collection, preservation, and use of electronic evidence related to violations in the context of armed conflict, Emma is a consultant with Hala Systems Inc. in the development of the ‘Hala Protocol on the Collection, Preservation and Transfer of Audio Data’. Until 2020, Emma was an Assistant Professor of Public International Law at the Grotius Centre of Leiden University, where she was a member of the Kalshoven-Gieskes Forum on International Humanitarian Law (‘KGF’). In 2019, Emma co-founded the KGF’s Digitally Derived Evidence Project and currently advises on and disseminates the Leiden Guidelines on the Use of Digitally Derived Evidence in International Criminal Courts and Tribunals. Emma holds an M.A. in Law from Cambridge University, an LL.M in Public International Law from Leiden University, and a PhD from the University of Amsterdam."
1f54cbdc-0ba5-5ecb-9ea1-394f2b9e53a2,Even Rouault,"Free and open source geospatial software developer. Involved in GDAL, PROJ, QGIS, MapServer among others."
2b2c9f97-ee91-5e5a-a42a-c2d83df8a4e2,Jukka Rahkonen,"Chief specialist, National Land Survey of Finland
PSC member in GDAL, MapServer and GeoServer projects."
5e601d04-77f5-56f0-a4f7-9e06cab2785e,Külli Ek,
6e0cf576-b333-579c-b9ff-ea015cfd6a22,Klaus Agerskov,"A Landscape technician with extensive experience in GIS applications for forestry and environmental management. With a background in teaching QGIS at Skovskolen, there is a strong focus on making spatial data accessible to all.

For the past two years, the work at the Danish Nature Agency has centered on customizing QGIS for forestry operations and environmental protection.  With a passion for usability and open-source GIS solutions, the specialization lies in bridging the gap between complex spatial data and practical use."
db6ca350-2f2e-5da1-a15d-89cdbce26e33,Geneviève Hannes,"Geographer & GIS Specialist, working as a GIS Consultant at Camptocamp SA in Switzerland. Pretty new to Open Source and excited to learn more!"
771f235f-a417-5d56-a5c0-30a9ff61f0cc,Julian Hafner,
302e8a51-0c7a-51bc-943b-fd37bcf7f6a7,Guillaume Beraudo,
ed9d34b9-696e-5956-bc8c-411d4b2ae1ad,Risto Ilves,The Head of Development for Topographic Data Production at the National Land Survey of Finland.
ce707060-77f8-5d41-861c-ab6cc9ecabc9,Pirmin Kalberer,"Pirmin is a geospatial software developer since more than 20 years and has contributed to several Open Source projects. Pirmin is co-founder of Sourcepole, a Swiss company providing GIS services and solutions."
054013ac-18c9-5481-922e-eac7b2b22a49,lavenant,"Engineer at IGN for over fifteen years, and a photogrammetrist by training, I specialize in the development of tools for the creation of 3D geographical data (3d urban models, DTM, DTS, etc.). Currently, I lead a team of fifteen engineers, developers and UX designers. The main function of our team is to create tools for the production of data as lidar classified, raster (oriented images, orthophoto), 3d data (3d urban models, DTM, DTS) and mobile-mapping data. We are currently heavily involved in the development of tools for the production of lidar coverage of entire France, in large part by proposing Open-Source components. We are also involved in 3D geographic data visualization as one of the main maintainers of the iTowns library (also Open-Source)."
8247a3ca-1031-58a9-b0f7-ca94af63d97c,Léa Vauchier,
5a31e7d0-fa16-5822-9d95-e0a55d4d8b78,Viktor Mihoković,"A software engineer specializing in geospatial solutions, currently working at a leading GIS company in Croatia. With expertise in Python, GeoServer, PostgreSQL, and LiDAR integration, I develop advanced GIS frameworks, custom tools, and perform complex spatial analyses."
0f92b7f5-0359-5984-a9dc-6fd2a65e732a,Mario Miler,"An Associate Professor at the University of Zagreb - Faculty of Geodesy,  in the Department of Geoinformatics. Teaching courses on Geospatial Data Modeling, Scripting Programming Languages, Spatial Databases, Mobile Surveying and GIS, and Programming in GIS.
Expertise includes GIS system architecture and spatial databases. Research over the past decade has focused on applying GIS technology in transportation and traffic science, leveraging remote sensing techniques, as well as integrating machine learning and deep learning methods in the geospatial domain. A strong advocate for open-source solutions in geoinformatics, actively promoting their adoption among students and businesses."
6e5ed91c-2ed7-5a54-a8b5-e50a972aeae0,Dora Kardum,"Project Manager at IGEA d.o.o., Varaždin."
5ba9d27b-7a89-55a0-8985-06e84bc2a5d7,Florian Franziskakis,"PhD Candidate in Environmental Sciences at the University of Geneva, focused on GIS and Earth system modelling. Currently involved in PANALESIS plate tectonic model management, transitioning to open-source solutions, and conversion into maps of the Earth past (palaeogeography) to understand the long-term evolution of the Earth from the bottom of the mantle to the top of the atmosphere."
954bf2eb-2416-5dab-b83c-7674d82e2e9c,Doren Calliku,
5cf4b2cc-0dc9-5146-8fe2-8ac2d3cdd93e,Kshitij Raj Sharma,"Kshitij Raj Sharma is a Geospatial Developer from Nepal, passionate about open-source software and open data. With a decade of FOSS advocacy, he is a founding member of OSGEO Nepal. He is currently a student of the Copernicus Master's in Digital Earth specializing in Geo Data Science and AI, and an AI Engineer at HOTOSM."
d7a780a5-37f6-5ef2-afcd-a7922bc39d85,Upendra Oli,"With over a decade of experience in geospatial technologies, I specialize in developing innovative tools for analysis and visualization. My expertise includes Web GIS, GeoAI, Drone Mapping and Geospatial Project Management. I am dedicated to applying technology to solve complex challenges and deliver impactful solutions that drive the progress in geospatial industry.
Here is my profile for more information: https://upendraoli.xyz/?i=1"
61712ee9-41d0-5626-b1ff-94d7fca88c15,Igor Karuza,"With 15+ years of experience in application development, database design, and information system architecture, I currently serve as a Product Manager, Architect, and Development Lead at IGEA, specializing in complex geoinformation systems. For over four years, I have been dedicated to advancing geoinformation solutions using IGEO, our in-house geoinformation platform.

Throughout my career, I have led the end-to-end development of product groups, provided technical consulting, and managed the implementation of GIS/IT solutions, primarily for local government, as well as infrastructure and telecom sectors.

I also spent a year intensively developing new functionalities and enhancing an internal billing system. A key challenge, tackled alongside my team, was optimizing performance to handle over 10,000 transactions per second within a globally distributed system while meeting diverse billing demands from internal users (Sales, AM, CSM).

My expertise has been instrumental in establishing the Central Integration Platform for the Croatian Meteorological and Hydrological Service, enabling seamless access to meteorological, hydrological, and air quality data through a unified interface."
42529f87-a2f8-567a-9a2b-fab184039cd2,Florent GRAVIN,"CTO at Camptocamp Geospatial
Map, mountains and geospatial tech enthusiast !"
c12e3e01-2518-5054-a2c7-058a31210d51,Omran NAJJAR,"Omran NAJJAR is the AI Product Owner in Humanitarian OpenStreetMap Team with 15 year experience in software engineering, information systems, advanced data management and artificial intelligence. Omran holds a MSc in EEE, Computer Science, Turkey (2020) with research thesis and experimental application on Extreme Learning Machine (ELM) algorithms and a MSc in Data Analytics and Information Systems Management, Germany (2023) with research focus on spatial and temporal analysis on OSM - Nepal. Omran has been working in humanitarian and development context since 2014, specialized in monitoring and evaluation, Information and communication technology and AI for social good. Currently, Omran uses that experience to pursue justice, ethical and open source tech to amplify the connection between human[itarian] needs and open map data ."
0f0218cf-26f8-59e2-bdd0-d7b377d83124,Nejc Dougan,"Nejc Dougan has a background in geodesy and computer science, focusing on advancing geospatial technologies through practical applications and research. After completing his master’s degree at the University of Ljubljana, he worked at Flycom Technologies, gaining comprehensive experience in LiDAR projects—from data acquisition and classification to final delivery.

He later broadened his expertise as a software engineer, developing web-based GIS systems, which deepened his understanding of integrating technology with geospatial solutions. Nejc also pursued PhD studies at the University of Ljubljana’s Faculty of Computer and Information Science, where his research explored the use of AI and deep learning, particularly convolutional neural networks, for processing aerial laser scanning point clouds.

Building on his industry and research experience, he co-founded Flai, now serving as CTO, focusing on AI-driven tools for automating LiDAR data processing."
6b716cf5-98d2-5954-9eb2-10cadfb6e385,Kamil Monicz (Zaczero),"I'm a passionate FOSS Developer and OpenStreetMap mapper, dedicated to preserving people’s privacy and freedom. I’m on a mission to bring about positive change."
6fc4a8c9-9c6f-55c8-a680-7caeafcc9a21,Danijel Schorlemmer,Senior scientist at the GFZ Helmholtz Centre for Geoscience and the Swiss Seismological Service at ETH Zurich. Working on earthquake hazard and risk and creating a global building model for assessing damage and losses in natural catastrophes.
22e46341-7d21-5653-8640-594159c92ea0,Quentin Bouillaguet,
85385fa8-3778-5959-94d2-2112ae87320b,Vincent Jaillot,
cd3315ab-9323-5042-b676-cbb073a01d09,Craig Taverner,"I am an open-source software developer, technology enthusiast, and entrepreneur working on a variety of projects, primarily focused on big data analytics and data modeling—especially when GIS, search, or graph components are involved. I work at Elastic as a principal developer of Elasticsearch, specializing in Geospatial ES{QL within the Analytics Engine team."
5b3fcea0-c8bb-590e-a4dd-888e7abc7865,Noam Raby,"Senior Frontend Engineer at Up42, working on mapping and geospatial.
https://github.com/NoamRa
https://linkedin.com/in/noamraby"
ba4ff7c2-46e1-54e2-95c0-52c885d38e35,Stéphane Malta e Sousa,"GIS developer <a href=""https://sitn.ne.ch"">@SITN</a>"
c4fdcd17-0145-54d8-a0b3-4139e0d46fd9,Marti Pericay,"He has worked in GIS for 19 years, from front-end developer to project manager. In 2015 he joined Geomatico to work on web development and training in open source geospatial technologies."
018eb55b-c143-51ba-b5cd-7fc434423ec1,Oscar Fonts,"Since childhood he has loved escaping into nature, always with a good map in hand. He started out as a GIS programmer in Aurensis. During his work at the Institut Cartogràfic de Catalunya he was introduced to the world of free software and open standards. Since 2010 he has been developing his career as an independent consultant for a wide range of organisations, from public and private multinationals to humble projects deep rooted in the territory. He participated in the organisation of FOSS4G 2010, from which the first group of Geoinquietos was created, in Barcelona. Areas of specialisation: Design and technical direction of geospatial solutions development of interactive front-ends for geospatial analysis"
5e87329d-5486-5d90-b1d1-6ad93fde058b,Jan Suleiman,"- M. Sc. Geoinformatics
- Full-Stack Developer at terrestris GmbH & Co. KG, Bonn, Germany
- OSGeo Charter Member
- GeoStyler Core Contributor
- Apache Superset Plugin Developer"
10b47f11-783a-5b4b-89b8-630829db6ca4,Marco Ciolli,
1e020aea-428e-5d37-80de-de0eb6e95ab5,Daniele Strigaro,"I have been working in the geoinformatics field since my master's degree, focusing on the development of open-source devices and tools for data collection and management."
7d5dc820-06b3-5325-b5a4-05d36bbe7eed,Mateo Radić,"University of Split, Faculty of Electrical Engineering, Mechanical Engineering and Naval Architecture,    Split, Croatia"
2710df6a-7fc2-57c8-9203-830756740a76,Serkan Girgin,"Dr. Serkan Girgin has established and is currently leading the activities of the Center of Expertise in Big Geodata (CRIB) at ITC, which is an overarching facility collecting, developing, and sharing operational know-how on the geospatial big data technologies. He performs research and develops open-source software for efficient management and processing of big geodata, as well as for better Open Science practices in research data management and research software development."
b36479e9-47a0-5f10-a240-8ddb29a14fad,Mladen Amović,"Dr. Mladen Amović is an Assistant Professor at the Faculty of Architecture, Civil Engineering, and Geodesy of the University of Banja Luka. He is an expert in geoinformatics, geospatial analysis, and GIS application development, with extensive experience in database design, geospatial data processing and harmonization, as well as the development of WebGIS information systems and geoportals.
His work includes the development of WebGIS and mobile applications, data processing, creation of geospatial information systems and 3D visualization. He has significant expertise in development of the ETL procedures and harmonisation of the data according to the Inspire Directive and Cadastral system of the Republic of Srpska.
In addition to his academic career, he leads a company specializing in geoinformatics and GIS solutions, Automated Geosolutions ltd. He has a particular focus on Geospatial Big Data, IoT, Smart Cities, 3D WebGIS portals, GeoAI and Management Information Systems."
c69fc9c4-9a9d-5bcf-b852-b559fc6213bd,Massimiliano Cannata,"Massimiliano Cannata is a Professor of Geomatics and Head of Research, Development, and Knowledge Transfer at the Department of Environment, Construction and Design (DACD) at SUPSI. He also leads the Open Science Competence Center at SUPSI, promoting open research practices and data sharing while coordinating its institutional adoption.

With a PhD in Geodesy and Geomatics and a background in Environmental Engineering from Politecnico di Milano, Massimiliano led the geomatics division at the Institute of Earth Sciences (SUPSI) from 2007 to 2024. He has been actively involved in the Open Source Geospatial community from its inception, serving as a former director of the Open Source Geospatial Foundation (OSGeo) and as a member of various project steering committees, including ZOO-Project and GRASS GIS (2006–2016). He led the development of istSOS, an open-source implementation of sensor observation services, and has co-chaired both the United Nations committee on geospatial open source and the OSGeo Open Geoscience committee. His work focuses on geospatial technologies, data interoperability, and open innovation in research."
3fef265d-39a6-539f-868e-553f1dcd7379,Marco Minghini,
9bc2fd1f-3fc8-587a-b13b-2057873049f4,Arne Schumacher,
b39d9a12-3ea9-58fb-9953-563e2acb5afc,Darshana Rawal,"Dr. DARSHANA RAWAL, working as a Akademische Mitarbeiterin in Hochschule für Technik Stuttgart. Recently, she has been occupied with the Data Security Project.  She holds a Ph.D. in Geography, an M.Sc. in Geomatics, and a Master degree in computer Applications. She has amassed 18 years of experience in teaching and research. Information Science and Geospatial Technology are her areas of specialization. Her expertise lies in Disaster, Health, Sustainable Environment, and Urban Eco-systems, which includes City Planning, Infrastructure, Environment, and IT-based web development. GIS, Web-GIS, Crowd Sourcing and Participatory-GIS, Digital Image Processing, and various other subjects are all taught by her. She is a member of various international Societies and organizations, those are: Member of the GeoforAll 2023; Co-Chair of WG  V/3  Open  Source Promotion and Web-based  Resource  Sharing;  Member of the International Advisory Editorial Board of the Geo-Progress Journal; Member of the Scientific Council for the section ""Methodological and Technical Issues of Geographic Information and Spatial Analysis; of GeoProgress Journal; Member, UN Open GIS Initiative of OSGeo, Member, FOSS4G an Academic/Scientific Track (AT), First Prize for ‘Most Active Congress Contributor’ in XXIII ISPRS Congress, Prague, Czech Republic, 2016 and Excellence Award for a Project on” Use of MongoDB for Social Media Database Management” during International Geoinformatics Summer School at Wuhan University, China, 2015.

She was a Major contributor to handling an OSGEO Lab at the CEPT University from 2013 to 2021, She is also a Major Contributor to teaching an open source to the More than 100 Women Scientists who are the beneficiaries of the Women Scientist Scheme of the Department of Science and Technology, Government of India. She has also taken three major Winter/Summer courses on Geospatial Technology for Open Source GIS, where QGIS for GIS, SAGA for Remote Sensing, and POSTGRES and Geoserver for WebGIS are taught."
523d5398-9dfb-5531-b06e-1bf266056e73,Jakub Trojan,"Passionate geographer, citizen science enthusiast, open source advocate"
2b187b65-0e52-5f6f-92f2-c2f9cb196132,Tereza Srnečková,
730a7e71-a81d-50af-8e3b-0f4876deb58f,Paola Salmona,"Researcher in geomatics, with experience above all in cartography and GIS"
de37c974-c09e-5335-bf95-fd25f5726106,Chandra Taposeea-Fisher,"Chandra is working at Telespazio UK as a Senior Project Manager for EO Software systems, where she is the Project Manager for ESA's EOPECA+ & EarthCODE projects. She also bid manages EO based projects, ranging from ground segments, climate-based projects and EO platforms.

She is also the Chair of the EO Committee as part of UKspace, where Ukspace is the trade association of the British space industry and has been its leading voice for over 30 years. As Chair, she liaises and promotes the interests of industry with the UK government, parliament and national and international stakeholders.

She previously worked at CGI as a Business Developer for Earth Observation, part of the SDI department, and at isardSAT, as part of the R&D team to manage and lead scientific/technical projects for the Space industry using Earth Observation (altimetry, passive microwave, SAR). 

Prior to this, Chandra completed a PhD in Marine & Numerical Geophysics from Imperial College London with a demonstrated history of working in the research industry. Her thesis presented results from studying the break-up of Africa and South America 130 million years ago with the use of observational constraints and a 2D Numerical Model. Skilled in data analysis, project management, presentations, scientific writing and various suites of software (Matlab, Photoshop, Illustrator, LaTeX, MS Office), she is an all round team-player but is also happy to work autonomously. She also holds a Geophysics MSci from Imperial College London. 

In between her undergraduate and doctorate degrees, she was a Young Graduate Trainee in Earth Observation at the European Space Agency (ESRIN - Frascati, Italy). Internships include placements being a Summer Intern at Statoil (Bergen, Norway), the UROP Summer Programme at Imperial College (London, UK) and a Summer Intern at the European Space Agency (ESTEC - Noordwijk, The Netherlands)."
aed9f106-385b-55d9-9aa0-996a250ec0ef,Garin Smith,"Ground Segment Architect specialising in Reproducible Science, AI (Artificial Intelligence), ARD (Analysis Ready Data) and Quality initiatives in the space industry. Heavily involved in the architecture of Open Source solutions, frameworks and platforms. 

Technical lead for EarthCODE, ESA's initiative to ensure long-term preservation and accessibility of research data, code, and documentation for a global scientific community."
ef24cc81-76a7-524c-8e33-21fd2aa852f2,Athina Trakas,"As an Innovation Action and Partnerships Specialist at ECMWF (European Centre of Medium-Range Weather Forecasts) I am co-ordinating Code for Earth, an innovation action run by ECMWF. 

I have always been interested in networking and connecting people. I am grateful that, with my work, I can exactly do this, and help foster a culture of continuous learning, mutual support, and shared success. 

In the past I presented internationally on geo-information management topics, mainly in the areas of OGC processes, interoperability and open standards. 

With a diploma in Geography I started working in the field of GIS in 1998. In 2006, I joined OGC (Open Geospatial Consortium), and worked as OGC’s Director for Member Success and Development for Europe, Central Asia and Africa. In December 2022 I joined ECMWF. 
Since 2006 I am a member of OSGeo."
6f198f1e-5a4a-5645-a7b1-78391b45bf79,James Hinton,
2a18de5e-d2c0-5ca0-84ed-171cee699071,Patryk Grzybowski,Data Scientist in the area of Earth Observation.
6c9420fb-6037-5003-96d4-13f820b0ba53,Marcin Niemyjski,"As a trained surveyor, I have honed my skills in data analysis and interpretation, which I have leveraged in my transition towards becoming a Junior Data Scientist. Over the last two years, I have been exploring the realm of GIS, remote sensing, LiDAR, and data processing, which have become my primary areas of interest. My vision of the spatial data industry is that of a puzzle with open datasets, Python, SQL, and Machine Learning techniques being the pieces that need to fit together. In my opinion, the future of GIS lies in Big Data solutions and cloud computing, and I am fortunate to be developing my skills in this direction while working at CloudFerro."
d91cfd1d-d432-52bd-8b3f-8bfed021a3b2,Denis Tabučić,"Denis Tabučić is a geoinformatics and geodetic expert with extensive experience in spatial data infrastructure development, land administration, and geospatial technologies. He currently plays a key role in advancing geospatial infrastructure and digital transformation within the Federal Administration for Geodetic and Real Property Affairs (FGU) of the Federation of Bosnia and Herzegovina.

With a strong background in geospatial data management, Denis has been actively involved in major national and international projects, particularly in the implementation of open-source solutions for geospatial data sharing, processing, and analysis. His expertise includes the use of PostgreSQL/PostGIS for spatial databases, GeoServer for web-based GIS services, QGIS for geospatial analysis and visualization, and HALE Studio for data harmonization.

Denis has contributed significantly to the development and promotion of open spatial data infrastructures, particularly in the INSPIRE Directive framework and the modernization of geodetic and cadastral systems in Bosnia and Herzegovina. He has also been instrumental in capacity-building initiatives, leading training programs for hundreds of public sector professionals to enhance their proficiency in geospatial technologies.

Through his work, Denis is committed to fostering collaboration, innovation, and the integration of open-source solutions to improve spatial data accessibility and interoperability. His efforts continue to shape the digital transformation of geospatial services in Bosnia and Herzegovina."
2156d0dc-fd6f-5644-92ca-8d1100f99ac7,Jasmin Catic,.
707c7ac5-7f68-5430-8dce-165f2a4f185f,Marko Turković,"GIS technical project manager with more than 15 years of experience in the implementation of complex GIS systems, dominantly based on open-source software stack.

Graduated from the Faculty of Electrical Engineering and Computing in Zagreb, Croatia. Employed as a Technical Project Manager in private Croatian company VEROX. Focused on software architecture, software quality, project management, team leading, and UX in web GIS."
ef7b90bd-868e-5da0-975c-3bd4e738181d,Iván Sánchez Ortega,"Iván has been a web developer and FLOSS advocate since the early 2000s; then he bought a GPS receiver and got involved in OpenStreetMap and OSGeo. He’s worked with nautical charts, indoor positioning, USB microcontrollers, LibreOffice, multispectral rasters, all of it with unhealthy amounts of Javascript."
5932317e-d9d5-5051-8d6e-568257ca2057,StefanJovanovic,"Geomatics expert with a demonstrated history of working in the research industry, academy and private companies. Skilled in GIS, Drone Photogrammetry and Topography. Strong research professional with a Master’s Degree focused in Environmental and Geomatics Engineering from Politecnico di Milano."
7cfcfbda-dffb-5737-be71-1a765ab5e884,Saad,A technical writer for UP42 from Berlin.
188e1d28-c3e1-5642-92e7-939ecdbf4616,Marcel Wallschläger,"Hello, I'm Marcel, a software developer from the countryside.

I have a passion for Linux and have been programming since I first encountered it and software development in 2007. Over the years, I've worked on various projects, both big and small, for personal use and for the wider community. I'm a proud member of the free software community, as I believe it offers a wonderful opportunity to collaboratively tackle technical and social challenges with others.

I am part of the Research Data Management (RDM) team at the Leibniz Centre for Agricultural Landscape Research (ZALF) in Müncheberg. ZALF is dedicated to studying the complex interactions within agricultural landscapes to promote their sustainable use. Within the RDM team, I focus on GeoNode, JupyterHub, OpenDataCube, and Kubernetes. You can find me on GitHub as @mwallschlaeger."
23956f66-0f56-5594-b50f-7b2b83107a72,Javier Jimenez Shaw,"Civil engineer and software developer (mainly C++). The last years I'm focused on GIS, contributing to PROJ and GDAL libraries. Member of the PSC of both projects.

https://github.com/jjimenezshaw/
https://orcid.org/0000-0002-7227-9173"
ed8cfb18-1f1b-5565-87e5-5e1d1845edcd,Luís M. de Sousa,"Luís Moreira de Sousa completed the Degree on Informatics and Computers
Engineering at the University of Lisbon in 2002, which he complemented with a
Masters on Geographic Information Systems in 2005. In the Department of Civil
Engineering of this university he was a junior researcher from 2002 to 2008,
contributing to applied research projects with Instituto da Água and Estradas
de Portugal. After a year as consultant with SIQuant at the National Laboratory
of Civil Engineering (LNEC), in 2009 he became an independent consultant,
supporting de development of the spatial data infrastructure of the newly
created Administração da Região Hidrográfica do Tejo (ARH-Tejo).

In 2011 he joined the Henri Tudor institute in Luxembourg as Research Engineer,
where he contributed to the development of Spatial Decision Support Systems on
the domains of Energy and Urban Planning. At the time he was already a PhD
candidate on Informatics Engineering at the University of Lisbon, promoted by
Prof. Alberto Silva.  In 2016 he concluded this graduation with a thesis on
domain specific languages for the development of spatial simulation programmes.
Still that year he started a post-doc position at EAWAG (Swiss Federal
Institute of Research on the Water Domain) during which he conducted research
on rapid flood modelling and storm water network management. In 2017 Luís
joined ISRIC - World Soil Information in The Netherlands where he conducted
research on the geography and ontology of world soils. In July of 2024 Luís 
returned to the University of Lisbon, this time as Assistant Professor.

Luís has relied on open source software for geospatial since 2001, when he
first interacted with GRASS. Since then he contributed code and documentation
to various projects such as OWSLib, OpenLayers or QGis. In 2016 he
became a OSGeo charter member and integrated the first Project Steering
Committee of the PyWPS project. He was one of the founding members of the
European chapter of OSGeo and chaired the Scientific Committee of the
FOSS4G-Europe conference in 2018.  Since 2023 Luís shares the role of Chief
Returning Officer at OSGeo."
4279f856-4bfc-5a9c-972b-40a74549a6a9,Nils Hempelmann,"Mr. Hempelmann holds a PhD in Geography and provides a combination of an extensive scientific background in climate change data assessment and sustainable development as well as software engineering for scientific data processing and information delivery. Furthermore, he gained deep insights of the United Nations policy mechanisms e.g. as a member of the German UNCCD delegation as well as a UNFCCC observer. He contributes to OGC with his almost 20 years of research, scientific software development, and climate service consultation experiences from international project contributions in research environments as well as consultation of international cooperation organisations."
3f91b89c-1365-5f50-adc1-522ff78cdefe,Bart Louwers,"Bart Louwers is the maintainer of MapLibre Native. Bart has become quite passionate about open source geospatial in which he found a home. Although he now deals with C++ on a day-to-day basis, he is secretly a JavaScript developer in his heart. Bart likes to argue that LLMs and AI are overhyped, or that they are in fact not, depending on who he is talking to. Bart is Dutch and somehow (still) lives in Germany."
db2113ee-4b58-5a40-b1fd-864a0e23d8b1,Igo Silva de Almeida,"<h3>About Igo</h3>

Geophysicist with a master's degree in Remote Sensing, Geoinformation, and Visualization, with a background in data analysis and design. He works at the **Leibniz Centre for Agricultural Landscape Research (ZALF)**, focusing on GIS, software development (Python, JavaScript), UI/UX design, and deployment using Docker, Jenkins, and Git. His work integrates science, technology, and design to develop efficient and intuitive solutions in geoinformation. Always seeking to **optimize workflows and transform complex data into accessible insights**, he believes that a well-designed map and well-written code can solve more problems than one might expect.

 [**Get in Touch**](https://www.linkedin.com/in/igo-silva-de-almeida-638367b0/)"
ab3dbcae-87aa-5eca-98d3-1911f864feec,Henning Bredel,Working on xDIs since 2010. Current focus: Research (Geo-)Data Infrastructures in the growing open science landscape in Europe.
d8efbe6b-5661-5bd6-acc1-c22c55525a57,Edgar,"DEV-OPS Area Coordinator/Full Stack Developer

Development of multiplatform applications and Technician in Microinformatics systems and Networks. Collaborator in the development of the Giswater project implementing support in the programming of different tools for the management of spatial data in open source code and use of independent applications for their management."
2e42f3f1-e245-5423-9026-cfa86d0ffbb5,Weston Renoud,Hydrographic Senior Software Engineer with QPS BV.
90e962ca-5b20-5ca1-b18f-b025a35053c4,Johannes Schielein,"I earned degrees in Geography and Economics at the University of Bonn and completed a PhD in Agricultural Economics, where I harnessed geospatial technologies and econometrics to analyze and model land-use and land-cover change in the Amazon. My career spans roles in nature conservation with the German Technical Cooperation (GIZ) and project impact assessment in the evaluation department at KfW Development Bank. For the past three years, I have served as IT Manager at KfW Development Bank, where I spearhead the development of a robust data infrastructure—with a particular focus on implementing geospatial solutions exclusively through open-source technologies. I am also the co-founder of the MAPME initiative, an open-source community committed to scaling up the use of geoinformation in development cooperation."
1b6440b7-3643-5391-b749-f12d4d308036,Paulo Raposo,
5f30477d-5255-5a79-b790-297e0afa021b,Daniel Koch,"OpenSource enthusiast, core developer of GeoStyler, react-geo or SHOGun."
c07bcd5e-4681-50a9-9e01-6dc0ae1d4642,J. Wolfgang Kaltz,"A software engineer by trade, in recent years I have been focusing more on bridging the big divide between the business world and the IT world. I am interested in finding the right tools for the right job, helping to provide clarity where confusion reigns and aiming to increase transparency and fairness (hint hint, open source) of IT services."
529955c9-a1f6-5efc-b8dc-d2352f282563,Alexandre Gacon,"Alexandre Gacon is a software architect specializing in geospatial computing, currently working at Camptocamp. An expert in C++ and Qt, he has extensive experience in developing GIS (Geographic Information System) solutions. His commitment to the open-source community is particularly evident through his contributions to GeoServer, a key platform for publishing geospatial data. He actively works on enhancing its features and performance, promoting the adoption of open-source tools to optimize the interoperability of geospatial systems."
cea600d6-4b98-5a2f-9704-6bb32b56a560,Nils Bühner,
59ea382d-281c-50f5-ba09-20c465e979d8,Dominik Frey,"MSc in Computer Science from the University of Bern, Switzerland

6 years of experience as Software Engineer
Since May 2024 I have been working as Software Engineer in the Geospatial Department of Camptocamp SA, Switzerland"
2e8f9536-bc26-5ebb-b9cc-dc674f35387b,Jose Macchi,Geospatial Developer/Devops.
3a486549-cb04-5d9c-8014-77e4456bfa8e,Nuno Oliveira,
de05ea42-6465-52a2-90ae-43b3c7f2dd51,Gülsen Bardak,Gulsen Bardak is studying in the Geodetics Engineering MSc program at the University of Bonn. She has been working at the German Aerospace Center (DLR) for three years as a student research assistant.
ed7abca6-0331-5505-8ed2-69fb8ad02ac2,Stefan Achtsnit,"Stefan Achtsnit is a seasoned mathematical computer scientist with >20 years of experience contributing to both enterprise and scientific research software. Focused on advancing the adoption of cutting-edge Data Management and DataOps best practices, particularly in the Earth Observation (EO) domain, he is deeply engaged in software engineering, cloud-native operations, and data management communities, actively sharing his expertise."
d084d129-6585-53c2-9b8c-e6708ffda5d2,Juan Pablo Duque Ordoñez,
805acb36-e8d6-5419-bd9b-3762d3743b4e,Sanja Šamanović,"Sanja Šamanović was born on January 30, 1970, in Požega. She graduated from the Faculty of Geodesy, University of Zagreb, in 1997 and defended her doctoral thesis in 2014.
Until 2018, she worked at the Faculty of Geodesy, Department of Photogrammetry and Remote Sensing, where she taught courses related to GIS and Photogrammetry. She participated in all technological and scientific projects of the department during her employment. Throughout her career, in teaching, research, and professional work, her areas of interest have been GIS, remote sensing, and photogrammetry, within which she continuously explores new scientific achievements, following their development and application in science, industry, and everyday life. Since 2021, she has been employed at University North, Department of Geodesy and Geomatics, as an assistant professor."
ca1a1082-9cae-54c1-83cb-bb856733075f,Mercy Ọ̀nàọpẹ́mipọ̀ Akintola,"Mercy Ọ̀nàọpẹ́mipọ̀ Akintola is a Geospatial Developer with over five years of experience building scalable and high-performance geospatial applications. His expertise lies at the intersection of remote sensing, GIS, and software development, where he specializes in leveraging open-source tools for disaster resilience, urban heat modeling, and real-time environmental monitoring.

He has contributed to global mapping initiatives, including humanitarian mapping for the HOT Gaza Conflict Initiative and climate resilience projects in West Africa. Akintola has presented his research on flood monitoring and urban heat islands at international conferences, such as ISPRS and the ESRI User Conference. Passionate about open geospatial technologies, he actively mentors emerging GIS professionals and leads community-driven projects focused on open data and collaborative mapping."
73196b08-bc64-5db2-8df1-05b792627082,Gresa Neziri,
07ea6fe3-05cb-562b-a365-f558d8aaed24,Andrija Krtalić,"Andrija Krtalić was born in 1969. in Mostar, Bosnia and Herzegovina He graduated in 1997with a topic from the field of photogrammetry. He defended his master's thesis in 2006 with a topic in the field of remote sensing.  In 2011, he obtained the title of Doctor of Science at the Faculty of Geodesy, University of Zagreb, with topics in the field of remote sensing. In 2015 he was appointed assistant professor at the same institution. His field of activity and expertise are remote sensing (in particular, data fusion and implementation of multicriteria analysis in remote sensing methods) and photogrammetry. During his scientific research work he has participated in 15 scientific and professional international projects in the field of remote sensing. In two FP5 projects (ARC & SMART); one FP7 project (TIRAMISU); one Erasmus+, Sector Skills Alliance project EO4GEO; Horizont 2020 project Twinning Open Data Operational (TODO); two projects funded by the US State Department; 3 domestic projects as a senior researcher and manager. Scientific research work on these projects is described in 17 articles in reputable scientific journals and 37 articles in scientific congresses and conferences. In the TIRAMISU project, he was the leader of the part of the project for which the Faculty of Geodesy, University of Zagreb, was in charge. He is a national representative of Council for Remote Sensing at the Croatian Academy of Sciences and Arts in the EARSeL council. The Ministry of Science and Education of the Republic of Croatia appoint him for Croatian representative to the Commission expert sub-group on Copernicus."
15e58f94-e392-5242-bd82-f085292a6d30,Gordana Jakovljevic,"Gordana Jakovljevic, Ph.D. is an assistant professor at the University of Banja Luka, Bosnia and
Herzegovina. Her practical and theoretical research interest lies in the field of remote sensing, deep
learning, and environment protection, especially in water management. The primary aim of Gordana's
research is to develop a standardized, clearly defined methodology for the automated processing of remote
sensing data in real or near-real time in order to increase the usability of remote sensing data in
environmental management and decision-making. She is a member of FIG commission 4 and FIG 4.3
working group (Mapping plastic)"
7e600cca-bb18-5b6f-a30d-28a396076972,Miloš Basarić,"Miloš is a geospatial researcher at the Military Geographical Institute in Belgrade, where he works in the fields of cartography, GIS, geoinformatics, and remote sensing. His professional focus lies in the integration of advanced geospatial technologies for the production and analysis of topographic data, with a particular interest in the use of satellite imagery for terrain monitoring.

He is currently pursuing a PhD at the University of Novi Sad, specializing in Synthetic Aperture Radar (SAR) and Interferometric SAR (InSAR) techniques. His research explores ground motion detection and the development of methodologies for monitoring topographic changes using radar data from space.

He only talks about science over a plate of ćevapi - preferably with a cold drink and good company."
f0904fa9-6edf-59de-835a-35b07cc5a078,Omer Faruk Atiz,Omer Faruk Atiz received his B.Sc. degree in Geomatics Engineering from Selcuk University (Türkiye). He is currently a PhD. candidate at the Geomatics Engineering Department of Necmettin Erbakan University (Türkiye). His studies focus on remote sensing of environment.
06a4e01f-41a8-503b-be7b-65533f877913,Anja Batina,"Anja Batina is a research assistant at the Center for geospatial technologies, University of Zadar, and a PhD student at the Faculty of Geodesy, University of Zagreb. As a master's graduate in geodesy and geoinformatics, she began her career as a GIS specialist in a private Croatian company focused on GIS and ICT consulting. In 2018 she became the technical director of the GIS department. Throughout her career in GIS, Anja has developed technical and managerial skills, capable of leading GIS teams in multicultural environments on international projects. She is currently pursuing a PhD in geodesy and geoinformatics on the topic Geospatial multi-sensor approach for lake water quality monitoring and assessment. Anja is employed as a senior GIS expert on the SMART-Water project at the Center for geospatial technologies, University of Zadar."
91bfc7aa-c08c-515c-91ec-d0bdf3a3d90c,Leonora Haxhiu,"I am a geospatial data enthusiast with a strong background in Geoinformatics Engineering
 and Computer Science. My expertise lies in combining advanced spatial data analysis with
 innovative technologies to solve real-world problems. I have practical experience working
 on various GIS-based projects, specializing in spatial data management, analysis, and
 visualization.
 As a researcher, I focus on the application of GIS systems in urban planning and other
 geospatial disciplines, continuously striving to contribute to the field through both
 academic and professional endeavors"
b4e0d45f-b5ad-5db3-839d-18ebbfdfd938,Lorenzo Natali,"I am a Senior Software Engineer and Technical Lead for the open-source project MapStore, specializing in web-based GIS applications. With a strong background in JavaScript, React, and Redux, I focus on building intuitive and high-performance mapping solutions.

My work revolves around developing interactive geospatial applications, optimizing user experience, and ensuring seamless data visualization. Over the years, I have contributed to various GIS projects, refining front-end architectures and integrating complex mapping functionalities.

While my expertise is primarily in front-end development, I also have experience in backend integration and GIS infrastructure optimization, particularly with GeoServer. Passionate about open-source GIS, I strive to enhance modern mapping platforms by improving performance, usability, and scalability."
94479c5c-be30-50fd-ad2d-ed31f8f78e08,Jan Macura,"Studied and graduated in the field of geomatics.
Passionate map-maker, cartographer and orienteer.
Active OpenStreetMapper since 2016, also involved in MissingMaps and HOT projects.
Working as a web developer, primarily on an open source HSLayers-NG library, an extension of famous OpenLayers.
Also teaching ground surveying techniques at a high school."
ec16c79c-5288-57f1-8074-03c18e3ec44a,Batuhan Kavlak,Learned everything from the community—the kid of FOSS4G.
8728dd70-7ae9-5c9a-ab40-ff33375542fc,Tomaž Šturm,Tomaz Sturm is a GIS expert with more than 25 years of experience in working with spatial data and analysis. Tomaz is a big fan of FOSS4G and shares his enthusiasm and knowledge in his country doing OSGeo conference and FOSS4G workshops.
30ec5268-5604-58a6-b5f8-3743266ab9ab,Dimitri Lallement,"After obtaining his engineering degree in Computer Science and Applied Mathematics from ENSIMAG, Grenoble (France), Dimitri Lallement joined the Earth Observation Lab of the French Space Agency (CNES) in 2020. He currently works there as an image processing engineer. His primary reserach interests include Digital Terrain Model (DTM) extraction, 3D reconstruction, and multimodal change detection."
c61b4c99-fa62-5e8e-b16d-1a49b41fcd98,Yves Bolognini,"Yves Bolognini is a Project Manager and Team Lead at Camptocamp, where he has worked for over 20 years. He is responsible for leading the development and evolution of GeoMapFish, Camptocamp’s open-source WebGIS solution."
0ecab0d7-0c52-5105-8390-cac33d4da230,Jean-Michel METIVIER,"PhD Engineer in Applied Geology (1981) 
Master of Science in Applied Geology, Hydrogeology and Geophysics, in Informatics and in MBA (Management Business Administration)
- 10 years of applied geology, geophysics, geochemistry applied to waste storage;
- 10 years of radioecology in France and abroad
- 20 years of terrestrial space modeling: geographic databases, remote sensing, geostatistics, topology

Main skills: Applied geology, radioecology, impact studies, reference state, description of the environment, post-accident management of a nuclear crisis, waste storage.
Geographic data (topology), geostatistics, remote sensing and image processing, computer processing of data, spatio-temporal"
817c53b9-5bfa-57c2-ae4d-a1debc9fec6b,WAPlugin Team,"We are an international team of scientists, engineers, and developers from Algeria, India, and Colombia, specializing in geospatial data and sustainable resource management. With a multidisciplinary team, we bring deep expertise in software development, remote sensing, and environmental applications. Our diverse backgrounds enable us to develop efficient, high-quality, and user-friendly geospatial tools."
74de5fa4-805a-5bad-840d-be1bd2782b8d,Akshay Dhonthi,.
2d0aba2c-117b-579c-959e-e3944d4fd682,Fabian Humberto Fonseca Aponte,"MSc. Artificial Intelligence and Robotics Cum Laude from the Sapienza University of Rome and BSc. in Mechatronic Engineering from the National University of Colombia with experience in software development, project planning, and product development. Recipient of several education grants and author of three patents on AI-based products. My expertise lies in machine learning and natural language processing, leveraging cutting-edge techniques to develop impactful solutions."
8b6c17ef-af2c-5ec3-ba42-c14dd13634a1,Tebbouche,
688ecc43-ffe3-5c2a-b5e9-0df21fe06a89,Marco Teixeira,Senior GIS Manager at Globaleda since 2015. Specialist in consultancy work for defining strategies for implementing GIS solutions in organizations. Open Source GIS enthusiast.
f5314a7f-f050-5812-b64d-9a1e6075d331,Ricardo Furtado Ponte,"I'm a Software Engineer, working in Open-Source GIS Solutions at GlobalEDA since 2022.

I've developed our in-house QGIS-Server Print Plugin, which is a MapStore2 Plugin, made to generate PDFs whose layout comes from QGIS Projects. 

Other than that, I develop all our WebGIS Solutions, which have the following Tech Stack:
PostgreSQL + PostGIS -> GeoServer -> MapStore2 -> QGIS-Server

All of our solutions are made in a Dockerized environment and are ready for a Cloud or On-Premises environment."
6ab3666e-2f4b-5947-8fe5-f65673c4769d,Bartosz Brzeziński,"Bartosz Brzeziński is a Senior Geospatial Data Steward at Bayer, where he is responsible for managing spatial data and developing solutions utilizing GIS technology. With a strong background in geospatial analysis, Bartosz plays a important role in enhancing data-driven decision-making processes within the organization.

Prior to his current position at Bayer, Bartosz worked as a GIS Analyst at UBS, where he provided analytical support to financial analysts. His expertise in geospatial data analysis allowed him to contribute valuable insights that informed investment strategies and financial assessments.

In his earlier career, Bartosz focused on supporting investment processes in the renewable energy sector, specifically working with GIS applications related to wind turbines and small hydropower plants. His experience in this field has equipped him with a deep understanding of the intersection between geospatial technology and sustainable energy solutions.

In his free time, Bartosz shares his passion for GIS by conducting training sessions focused on the use of Open Source technologies. His commitment to education and knowledge sharing reflects his dedication to advancing the field of geospatial analysis and empowering others to leverage GIS in their work."
36ed3430-0383-5613-85e4-775190ec6a6f,Tom van Tilburg,Tom van Tilburg is working as a data scientist in the spatial research lab of Sogelink.
e3fcbdf2-888f-5567-8218-04a5fe0a177b,Tomislav Obad,"GIS software architect with more than 20 years of experience in development of GIS and non-GIS solutions. Contributed to a large number of GIS projects in Croatia and region in cadastre, address and environmental protection area using open source technologies. Focused mainly on development of software architectures mostly based on Java backend and spatial databases."
b3b32a15-1a4c-5d23-9be9-adb0e63cb67d,Dario Hudika,"Hi, I'm a software developer with almost 10 years of experience."
8d18595d-03a0-5f7a-8b60-c8676ed104c6,James Milner,
c56cbcf4-1e0d-5882-af2d-6453da7eb0b2,Jin Igarashi,Jin Igarashi is a GIS software developer maintaining several open source libraries which can help water utilities in Eastern Africa. He is currently employed by United Nations Development Programme to help them develop GIS applications for decision making.
3d9bf2f7-f596-5623-adb7-bd1645962cab,Hrvoje Matijević,"Hrvoje Matijević is assistant professor at University North, Department of Geodesy and Geomatics. His main research fields are Web GIS technologies, geospatial data processing and geospatial databases. Prior to resuming his academic career Hrvoje worked as consultant and project manager in several large IT companies dealing with GIS and geospatial data management."
70ba52e3-dd80-57e1-b188-650ddef48692,Ljiljana Seric,"prof.dr.sc. Ljiljana Šerić is full Professor at the University of Split, FESB, with a PhD in Computer Science. Specializing in Artificial Intelligence, Distributed Systems, and Web Programming, My work focuses on interdisciplinary projects that bridge environmental management and computer science, leveraging intelligent systems to address real-world challenges."
b0c72e17-fc80-5882-b241-543c7ab37d29,Boris Draško,"Senior expert for application support and maintanance at IDDEEA BIH (2010 - 2025)
Expert associate for information management and proccess at Directorate for European Integrations of BIH (2008 - 2010)
Doctoral studies at University of Mostar -field Engineering - Application of Information and Communication Technologies (2024 - ongoing)"
013ec0aa-c44c-57b2-9854-71ce7f1c2ce8,Federica Gaspari,"PhD student in Geomatics at the Department of Civil and Environmental Engineering of Politecnico di Milano (Italy). Her main research interest is 2D and 3D data integration in web-based geospatial environments to support decision making for built and natural environment applications.
Passionate OpenStreetMap contributor since 2016 and OSGeo Charter Member since 2022."
aa93b9d2-d36f-55de-a2cd-65d26a34befa,Olga Bjelotomić Oršulić,"Olga Bjelotomić Oršulić is an assistant professor at Deprtment of Geodesy and Geomatics at University North, Varaždin, Croatia. She obtained her PhD in geodesy at Faculty of Geodesy at University of Zagreb. She worked both in academy and industry being an enthusiast in geoid modelling, gravity field, remote sensing, open free geospatial community and data and project management of large geoinformation implementations."
e59e8522-7f33-5a7b-9515-98db57e049fe,Adeola Anthonia OYETUNDE,"Adeola Anthonia OYETUNDE is a geospatial researcher with a strong interest in climate action, GIS and remote sensing, geo-web mapping, and open geospatial community . She is currently pursuing a degree in Surveying and Geo-informatics at Obafemi Awolowo University, where she is expanding her expertise in geospatial technologies. 
Adeola's research focuses on leveraging open-source geospatial tools for community-driven solutions. She has been actively involved in youth-led mapping initiatives aimed at improving healthcare facilities through electricity planning, utilizing OpenStreetMap, KoboCollect, Mapillary and QGIS. Her work also extends to flood mapping and risk assessment, applying GIS techniques to enhance disaster resilience.
She attended the YouthMappers Open Mapping for Heat and Health Workshop at the Federal University of Technology Akure, further strengthening her expertise in open mapping and geospatial solutions for community development. Adeola is a contributor to the OpenStreetMap community, where she explores the role of open-source geospatial technologies in solving local challenges. With a passion for data-driven decision-making, Adeola is dedicated to advancing geospatial innovation for infrastructure development, healthcare access, climate resilience, and disaster management."
e8a6af58-9373-5e29-9aaf-5ad22cdc22ef,Paolo Zatelli,"Paolo Zatelli is born in Pavia on March the 2nd 1968. He obtained the diploma at A. Roiti High School
of Ferrara in July 1987. He graduated in Environmental and Land Engineering at the University of Trento cum laude in 1994.
He obtained a PhD degree in Topographic and Geodetic Science with the thesis ""Application of
wavelets in geodesy"" at the Polytechnic of Milan in 1998.
From February 2001 to 2016 he is researcher and from 2016 associate professor of Geomatics at the Department of Civil, Environmental and Mechanical Engineering of the University
of Trento, Italy.
The didactic activity regards Survey, Survey and statistics, Photogrammetry, Numerical cartography
and GIS, Remote sensing and GIS, Mathematical and statistical methods. He is coordinator and lecturer
for the course ""Environmental data management and analysis with GIS"", for the Doctoral School in
Civil, Environmental and Mechanical Engineering of the University of Trento.
He organizes and teaches in several courses for GIS professionals, such as ""Theorical and practical
course on GRASS, Free and Open Source GIS and GEODATABASE"", ""GIS theory and applications""
and ""GPS, from theory to applications"", and masters, such as the second level Master ""Analysis and
management of Geotechnical systems -SIGEO"".
The research activity regards different aspects of the land survey and of treatment of related
information, both metric and semantic, including therefore modern data acquisition, efficient
elaboration and integrated management techniques. The study of modern survey methods includes both point positioning techniques, such as GPS, and global methods such as laser scanning, remote sensing and digital photogrammetry. Further researches include the study of high resolution earth gravity field determination by satellite geodesy. Methods for multiresolution data analysis for efficient data representation and filtering have been developed.
Geographic data treatment and management have been studied with the use of GIS, where new
functionalities have been implemented for the creation of environmental models.
He has acted as local and national research project coordinator, reviewer for international and national
journals. Ha has organized international and national meetings and he has been part of the committees of several conferences, for which he has organized many workshops."
a62a2528-6cba-5bec-b17a-2e19d8731f22,Karlo Kević,
f0f9953a-e936-574c-9690-8600b750d514,Philipp Gärtner,
