schedule_guid,person_guid
2a5be4cc-0bc7-54a4-90f9-664e858e37b5,b45c2a31-c5ab-5f44-af94-ad71e1e24a9d
c537256a-8327-5ef5-8bc7-7575a97bfaaf,715f48b7-cddf-5338-9c54-bcb1ffaef50f
c537256a-8327-5ef5-8bc7-7575a97bfaaf,71db0dd1-c758-5955-a24d-b1fe58168d7a
dcd495ec-5dd7-583d-bddf-121d931fd6a4,b0098fb1-d093-5c70-8ef1-de0d8310d0b2
fb2a5070-9da0-57bd-b95c-f0aa163fda52,ed32a5f5-511b-50b3-b064-86bf000fba93
80d47f7b-a792-5b3d-a31a-0b5f55a7a98f,9428ef15-62ef-5dd8-b134-61bd98b184f5
80d47f7b-a792-5b3d-a31a-0b5f55a7a98f,fe45042b-4333-5c18-85f6-34c9dc471f06
80d47f7b-a792-5b3d-a31a-0b5f55a7a98f,f1018d0a-0b48-5b29-ae31-2454995208bb
80d47f7b-a792-5b3d-a31a-0b5f55a7a98f,1d3091de-803a-5497-a942-622c05a8c20d
c47fd9b5-67c3-52fd-be4a-db1fa4bc6e19,980a098b-ba75-535f-a9f0-b2e6e00f83d3
c47fd9b5-67c3-52fd-be4a-db1fa4bc6e19,25e0a7ae-eb15-5aa3-9ed2-bdc4f988fd9d
97e40220-c9ff-53b5-aa4a-66b91ad9f8f0,3c14d5ad-1de8-55d0-84f4-06d701207a54
97e40220-c9ff-53b5-aa4a-66b91ad9f8f0,552a0c56-5d08-5899-bdfa-8fbaa4a0bc3b
ab2bf3e9-6445-5341-b876-79e73bd751d7,f5cf7b53-1be1-56d3-a162-b67238de13dc
3170a083-f4a1-543d-8c1c-0ebb484f5cd4,715f48b7-cddf-5338-9c54-bcb1ffaef50f
3170a083-f4a1-543d-8c1c-0ebb484f5cd4,71db0dd1-c758-5955-a24d-b1fe58168d7a
ae762384-b447-54bf-a205-db6d8212edba,47c7f1e2-7abf-5c66-974a-78217c153c5d
fda6a4e9-97ec-5d28-9cc2-da7ae493b1cf,c3aab149-a022-5279-88f4-aa60f88c927b
fda6a4e9-97ec-5d28-9cc2-da7ae493b1cf,bd6e586a-1a9d-58bf-ae65-de9992689cb5
b8241335-780d-5de7-8b40-e9f901754afd,18f9c306-9ff3-5dfd-9c00-15530351092b
91ad44bc-7ac2-5c98-bf64-2de9a9b5d637,69edf44d-754a-59fc-af1c-0338a8e348fb
91ad44bc-7ac2-5c98-bf64-2de9a9b5d637,094b6b92-f4b4-5388-9fcd-ae0db93e62b0
43c36da6-d5a0-5f49-978b-71eb4d2bbafe,40e7266c-efcd-59ca-b662-2043d79dcad5
b7c3e907-d7e5-50d7-9f44-bf5272c4d15d,801d0e78-9b96-58a0-bafc-d97dff4ac4af
b7c3e907-d7e5-50d7-9f44-bf5272c4d15d,3d704848-70d3-5752-9894-644ea9e9f475
4e17dcd8-7219-5f3d-ae08-03f7d5405d5b,71db0dd1-c758-5955-a24d-b1fe58168d7a
cfe3fedf-5f7d-5ace-a12b-839565fa4b00,9428ef15-62ef-5dd8-b134-61bd98b184f5
cfe3fedf-5f7d-5ace-a12b-839565fa4b00,fe45042b-4333-5c18-85f6-34c9dc471f06
cfe3fedf-5f7d-5ace-a12b-839565fa4b00,f1018d0a-0b48-5b29-ae31-2454995208bb
a0d01074-90f2-54ca-ae9e-ee5271768b66,5311b763-3f10-5de9-a5ef-2868eff0adaa
a0d01074-90f2-54ca-ae9e-ee5271768b66,286fd92e-2e5f-5063-952d-10f4847eb917
251edd7f-0ed4-52c3-9c14-7d101ea5d721,39c9ddc1-e387-5fbd-96e1-354958d54077
251edd7f-0ed4-52c3-9c14-7d101ea5d721,d023f134-ea12-5639-a33f-f93035a573f2
7981405b-7895-5f35-a40e-b280ad766f87,2f862775-68a3-5bae-9cfe-676b572c4556
497f5b65-227d-5209-ab2b-9402eafae770,155bd00c-9868-500d-ad98-59f9c17da5af
81e09cbe-30c8-5b82-9a8d-47e77bfae0f5,0d5fb445-b9e5-5c7c-9268-73e2ac327eec
6af8a65c-95e6-582c-a5f4-e1065f7adc4b,94fe433f-4765-5ff0-9b8b-0b0f01dc95fd
6af8a65c-95e6-582c-a5f4-e1065f7adc4b,576db45f-7e2d-57d5-9a56-ddb6b4378805
6af8a65c-95e6-582c-a5f4-e1065f7adc4b,90854e88-a84e-500c-b81b-dcb38969815d
6af8a65c-95e6-582c-a5f4-e1065f7adc4b,041c590d-9afc-51fd-bd98-bf1acb992ed8
45eaa832-eb9b-5dea-bef7-9a33ef5f6488,715f48b7-cddf-5338-9c54-bcb1ffaef50f
c4b53745-69ec-588f-b650-43f6b625b45c,6cc2b85e-ab72-5d89-9690-5ed3636b786b
89a08b01-1727-5982-9227-4df1b205121a,f5cf7b53-1be1-56d3-a162-b67238de13dc
c0e550f0-e74a-5644-908d-5edaf1ec54ed,47c7f1e2-7abf-5c66-974a-78217c153c5d
c0e550f0-e74a-5644-908d-5edaf1ec54ed,ed445672-da30-5dd5-8ce7-bb4bc298bdab
fa5bf36a-b670-55b0-b87b-07a945277e52,135128ad-3e98-547f-9198-665166ffa035
19141590-e638-5be8-af36-2a150853bd58,6cc2b85e-ab72-5d89-9690-5ed3636b786b
0f91fb5c-39c6-5357-84a5-df78e78fe474,f5cf7b53-1be1-56d3-a162-b67238de13dc
0f91fb5c-39c6-5357-84a5-df78e78fe474,3c14d5ad-1de8-55d0-84f4-06d701207a54
7c85ec97-1663-51ee-b1a3-4e40ade98134,1f54cbdc-0ba5-5ecb-9ea1-394f2b9e53a2
e6daff8a-4b11-5b0a-a31d-6483e0c81677,18f9c306-9ff3-5dfd-9c00-15530351092b
68414cbc-3466-57b6-8f74-afb3038316a0,9428ef15-62ef-5dd8-b134-61bd98b184f5
68414cbc-3466-57b6-8f74-afb3038316a0,fe45042b-4333-5c18-85f6-34c9dc471f06
68414cbc-3466-57b6-8f74-afb3038316a0,f1018d0a-0b48-5b29-ae31-2454995208bb
2836c3ab-1c61-52ea-a27e-238f84f7a4d1,69edf44d-754a-59fc-af1c-0338a8e348fb
2836c3ab-1c61-52ea-a27e-238f84f7a4d1,094b6b92-f4b4-5388-9fcd-ae0db93e62b0
92df48fb-c2e7-5490-b953-e10b2d6b4053,715f48b7-cddf-5338-9c54-bcb1ffaef50f
1100f08d-bab3-578f-8756-62608bab953e,9428ef15-62ef-5dd8-b134-61bd98b184f5
1100f08d-bab3-578f-8756-62608bab953e,fe45042b-4333-5c18-85f6-34c9dc471f06
bd615380-9ade-5b1b-b448-fdc467e2b6a0,f5cf7b53-1be1-56d3-a162-b67238de13dc
bd615380-9ade-5b1b-b448-fdc467e2b6a0,3c14d5ad-1de8-55d0-84f4-06d701207a54
fd1b3328-007a-5b59-b647-66dbe147eb62,2b2c9f97-ee91-5e5a-a42a-c2d83df8a4e2
fd1b3328-007a-5b59-b647-66dbe147eb62,5e601d04-77f5-56f0-a4f7-9e06cab2785e
d84e3dbe-d794-5f8d-9c3a-56dacd72010b,6e0cf576-b333-579c-b9ff-ea015cfd6a22
3a029aff-f842-5880-95ef-2382d0eed0ec,db6ca350-2f2e-5da1-a15d-89cdbce26e33
3a029aff-f842-5880-95ef-2382d0eed0ec,771f235f-a417-5d56-a5c0-30a9ff61f0cc
2f74e20d-e852-5e90-a381-3d010fb89eb6,302e8a51-0c7a-51bc-943b-fd37bcf7f6a7
19e0813d-ea35-5781-8a89-8a9e0da58788,47c7f1e2-7abf-5c66-974a-78217c153c5d
80b58cb7-ad5a-56a1-bbde-6d01e19d21be,ed9d34b9-696e-5956-bc8c-411d4b2ae1ad
d943da2f-cd53-567b-924d-696ecc1b098a,ce707060-77f8-5d41-861c-ab6cc9ecabc9
d5ebc88b-9c49-5e21-a9da-42fedf25e032,054013ac-18c9-5481-922e-eac7b2b22a49
d5ebc88b-9c49-5e21-a9da-42fedf25e032,8247a3ca-1031-58a9-b0f7-ca94af63d97c
489177fc-9754-55fc-84f6-9c9c8ed68a65,5a31e7d0-fa16-5822-9d95-e0a55d4d8b78
489177fc-9754-55fc-84f6-9c9c8ed68a65,0f92b7f5-0359-5984-a9dc-6fd2a65e732a
c08bf289-2a49-5056-9cb3-7d7059e3150b,69edf44d-754a-59fc-af1c-0338a8e348fb
d8c21bed-e3d5-5204-8c33-d43fef0c02e2,6e5ed91c-2ed7-5a54-a8b5-e50a972aeae0
d9d64359-01b9-52f4-945a-8cbd8bd15a2b,5ba9d27b-7a89-55a0-8985-06e84bc2a5d7
1774cc2c-2964-5016-bc69-488d29849c8e,954bf2eb-2416-5dab-b83c-7674d82e2e9c
9e9811a7-5c71-51b9-b079-916b64c07572,5cf4b2cc-0dc9-5146-8fe2-8ac2d3cdd93e
9e9811a7-5c71-51b9-b079-916b64c07572,d7a780a5-37f6-5ef2-afcd-a7922bc39d85
167bf127-05a5-5875-9379-e68492a0c4d9,61712ee9-41d0-5626-b1ff-94d7fca88c15
03fe3055-af25-5770-ae27-2b31c93ec89d,42529f87-a2f8-567a-9a2b-fab184039cd2
7fa91005-064a-5fcf-a651-4af6101aa3e5,5311b763-3f10-5de9-a5ef-2868eff0adaa
7fa91005-064a-5fcf-a651-4af6101aa3e5,5cf4b2cc-0dc9-5146-8fe2-8ac2d3cdd93e
7fa91005-064a-5fcf-a651-4af6101aa3e5,c12e3e01-2518-5054-a2c7-058a31210d51
d7edf22d-7e96-575d-a237-01c3771c3944,0f0218cf-26f8-59e2-bdd0-d7b377d83124
17a90c66-9a15-5d89-bd8c-daa5c5af9cc8,6b716cf5-98d2-5954-9eb2-10cadfb6e385
7c0fd153-6616-5651-9d63-28f3f2a5f5a3,6fc4a8c9-9c6f-55c8-a680-7caeafcc9a21
42fb9acc-871d-5c92-aee7-b26feb44ced6,22e46341-7d21-5653-8640-594159c92ea0
42fb9acc-871d-5c92-aee7-b26feb44ced6,85385fa8-3778-5959-94d2-2112ae87320b
8bda5c56-b59c-5f8b-a0bf-f66d24b795b3,3c14d5ad-1de8-55d0-84f4-06d701207a54
60c33d74-1a24-55f6-8a88-58d06a0f1791,cd3315ab-9323-5042-b676-cbb073a01d09
d2c0d556-0377-504e-afb1-ef11f2b853cf,5b3fcea0-c8bb-590e-a4dd-888e7abc7865
a64ae7ec-292b-54db-8e5c-8bfbed4cbfd7,db6ca350-2f2e-5da1-a15d-89cdbce26e33
a64ae7ec-292b-54db-8e5c-8bfbed4cbfd7,771f235f-a417-5d56-a5c0-30a9ff61f0cc
a64ae7ec-292b-54db-8e5c-8bfbed4cbfd7,ba4ff7c2-46e1-54e2-95c0-52c885d38e35
24502e59-6fd5-5dc4-87d0-1b2c41bfae81,c4fdcd17-0145-54d8-a0b3-4139e0d46fd9
24502e59-6fd5-5dc4-87d0-1b2c41bfae81,018eb55b-c143-51ba-b5cd-7fc434423ec1
cdb326ef-fcac-5e7c-99ed-2c97cad05a47,5e87329d-5486-5d90-b1d1-6ad93fde058b
234ca19f-f786-59ad-b189-05bcb28e38ed,10b47f11-783a-5b4b-89b8-630829db6ca4
fd6cbf28-5e55-525c-a0f2-175aeb28bac3,1e020aea-428e-5d37-80de-de0eb6e95ab5
29da03ee-72bc-5fd0-b3c2-6f701bdc6a39,7d5dc820-06b3-5325-b5a4-05d36bbe7eed
d4ed6201-7df6-5b4e-ae3e-6b7e463c435c,2710df6a-7fc2-57c8-9203-830756740a76
bf1b73fa-1114-565f-8fab-aedb25a34172,c3aab149-a022-5279-88f4-aa60f88c927b
31f77950-8a77-5214-93dc-36783f38f49f,b36479e9-47a0-5f10-a240-8ddb29a14fad
a1494f37-cc6a-5a7f-84a0-01e6a6a0a5c5,c69fc9c4-9a9d-5bcf-b852-b559fc6213bd
26ff310c-1f65-56be-a435-d413789487a8,3fef265d-39a6-539f-868e-553f1dcd7379
29762043-fe9b-5505-98f3-96a74a384ca9,9bc2fd1f-3fc8-587a-b13b-2057873049f4
28c1c361-cb90-5521-865f-9eef341b0a62,b39d9a12-3ea9-58fb-9953-563e2acb5afc
7735388c-9a0f-59eb-a3e3-276d4d39ba89,523d5398-9dfb-5531-b06e-1bf266056e73
7735388c-9a0f-59eb-a3e3-276d4d39ba89,2b187b65-0e52-5f6f-92f2-c2f9cb196132
6e558a55-2d22-5d3a-9b0e-d7c4eb73102c,730a7e71-a81d-50af-8e3b-0f4876deb58f
f90ba73b-a375-5d28-90ad-92123b8f8fb8,de37c974-c09e-5335-bf95-fd25f5726106
f90ba73b-a375-5d28-90ad-92123b8f8fb8,aed9f106-385b-55d9-9aa0-996a250ec0ef
f6628046-5693-5dfd-a4c9-95c0aa6f7bff,ef24cc81-76a7-524c-8e33-21fd2aa852f2
0e639a52-688f-5010-baeb-06e8ad6c45c3,3fef265d-39a6-539f-868e-553f1dcd7379
2da6759c-6681-5636-a261-c91ee1fc1d3d,de37c974-c09e-5335-bf95-fd25f5726106
2da6759c-6681-5636-a261-c91ee1fc1d3d,6f198f1e-5a4a-5645-a7b1-78391b45bf79
8f20d1b1-470c-5135-b70f-ed748652f480,2a18de5e-d2c0-5ca0-84ed-171cee699071
eae58139-693a-5e5a-8eb7-77ccb2521507,6c9420fb-6037-5003-96d4-13f820b0ba53
c51df008-29fd-5c08-b5f2-cd0c5091bcba,d91cfd1d-d432-52bd-8b3f-8bfed021a3b2
c51df008-29fd-5c08-b5f2-cd0c5091bcba,2156d0dc-fd6f-5644-92ca-8d1100f99ac7
631a4065-303e-59db-a202-f4bfe9779621,707c7ac5-7f68-5430-8dce-165f2a4f185f
137a699c-a510-5180-bb47-aeb117b7f965,c3aab149-a022-5279-88f4-aa60f88c927b
137a699c-a510-5180-bb47-aeb117b7f965,bd6e586a-1a9d-58bf-ae65-de9992689cb5
2c51805d-7441-5b6c-84c1-98c6ed8d7e83,3c14d5ad-1de8-55d0-84f4-06d701207a54
47e31a3d-0b06-5342-9b09-de5b6285ec78,801d0e78-9b96-58a0-bafc-d97dff4ac4af
9538b517-9007-5161-a78f-7f6a88607171,ef7b90bd-868e-5da0-975c-3bd4e738181d
9538b517-9007-5161-a78f-7f6a88607171,3c14d5ad-1de8-55d0-84f4-06d701207a54
3c0a83ca-def8-5154-9885-c9d878cc49a6,5311b763-3f10-5de9-a5ef-2868eff0adaa
3c0a83ca-def8-5154-9885-c9d878cc49a6,286fd92e-2e5f-5063-952d-10f4847eb917
a0ee8bde-ae31-52cc-abe4-4b7166310a4a,5932317e-d9d5-5051-8d6e-568257ca2057
fba37bea-74f1-5d4f-9fc3-f307bc773c7a,2f862775-68a3-5bae-9cfe-676b572c4556
36ef2ca6-a917-5639-b9b1-c2e5a5142301,715f48b7-cddf-5338-9c54-bcb1ffaef50f
62a5fcdd-1a29-52f3-8073-f8abc24a0d1a,7cfcfbda-dffb-5737-be71-1a765ab5e884
484f149a-b9ae-5bbd-8b2c-4b3c61383500,188e1d28-c3e1-5642-92e7-939ecdbf4616
aed3fa31-2504-59b3-857e-d3c861ebd5b2,23956f66-0f56-5594-b50f-7b2b83107a72
37ba53fa-f30f-5948-83e5-9704ac4ed1b2,ed8cfb18-1f1b-5565-87e5-5e1d1845edcd
246e5e14-ed2b-58cc-b1c4-dbeba3f2ef18,4279f856-4bfc-5a9c-972b-40a74549a6a9
ace005bf-b16d-5c01-a194-8ea455bef4bf,3c14d5ad-1de8-55d0-84f4-06d701207a54
ace005bf-b16d-5c01-a194-8ea455bef4bf,552a0c56-5d08-5899-bdfa-8fbaa4a0bc3b
2bf0a902-2388-5399-94b1-7c0c755fa577,3f91b89c-1365-5f50-adc1-522ff78cdefe
3fff6081-b8bd-5fc7-b0fb-8356637f1753,188e1d28-c3e1-5642-92e7-939ecdbf4616
3fff6081-b8bd-5fc7-b0fb-8356637f1753,db2113ee-4b58-5a40-b1fd-864a0e23d8b1
3fff6081-b8bd-5fc7-b0fb-8356637f1753,ab3dbcae-87aa-5eca-98d3-1911f864feec
0113e369-4193-52b6-a757-a5f0854da1dc,d8efbe6b-5661-5bd6-acc1-c22c55525a57
385b16b5-fcc0-5f43-b14f-32315a684527,0d5fb445-b9e5-5c7c-9268-73e2ac327eec
f3d72a9d-fd01-5771-91fe-f60a9524c197,2e42f3f1-e245-5423-9026-cfa86d0ffbb5
c2c8a323-ad4a-59c5-813b-706d4264afd6,0d5fb445-b9e5-5c7c-9268-73e2ac327eec
4c27b09c-db5b-586d-9693-67a235e3d061,90e962ca-5b20-5ca1-b18f-b025a35053c4
afd8ef6b-a02c-595b-aee3-97cb5191faca,2f862775-68a3-5bae-9cfe-676b572c4556
aae76352-02eb-52b6-976d-bb9ad57963b9,715f48b7-cddf-5338-9c54-bcb1ffaef50f
debd3272-74fa-5dee-b1b5-b97819492b9d,2a18de5e-d2c0-5ca0-84ed-171cee699071
806c66ad-edb9-5ce4-a500-3d3b22887eea,1b6440b7-3643-5391-b749-f12d4d308036
25dc1093-85c5-5fab-8bce-d44c295bd3c2,715f48b7-cddf-5338-9c54-bcb1ffaef50f
d487be28-c903-50cc-9829-035de8d3bbc5,155bd00c-9868-500d-ad98-59f9c17da5af
ced0a845-9d9f-5661-9760-24fdbd3b00ff,f5cf7b53-1be1-56d3-a162-b67238de13dc
c8bf742e-1187-59e0-9391-9bc969efdb96,5f30477d-5255-5a79-b790-297e0afa021b
c8bf742e-1187-59e0-9391-9bc969efdb96,c07bcd5e-4681-50a9-9e01-6dc0ae1d4642
c8bf742e-1187-59e0-9391-9bc969efdb96,529955c9-a1f6-5efc-b8dc-d2352f282563
c8bf742e-1187-59e0-9391-9bc969efdb96,cea600d6-4b98-5a2f-9704-6bb32b56a560
c8bf742e-1187-59e0-9391-9bc969efdb96,59ea382d-281c-50f5-ba09-20c465e979d8
47a6f05e-15f9-5119-afe3-b0995f008165,2e8f9536-bc26-5ebb-b9cc-dc674f35387b
47a6f05e-15f9-5119-afe3-b0995f008165,529955c9-a1f6-5efc-b8dc-d2352f282563
a8c147cf-b655-5b07-95be-094771f895eb,f5cf7b53-1be1-56d3-a162-b67238de13dc
a8c147cf-b655-5b07-95be-094771f895eb,3a486549-cb04-5d9c-8014-77e4456bfa8e
e4b72454-88f7-556b-9a38-86e46ea9acd5,ce707060-77f8-5d41-861c-ab6cc9ecabc9
bf00e10d-dec9-5f78-a600-1d73023758d4,42529f87-a2f8-567a-9a2b-fab184039cd2
d6bf18a4-ac5e-5ee1-a5ac-7c8512f39a6b,f5cf7b53-1be1-56d3-a162-b67238de13dc
151207c1-3f45-520e-8778-421a5dc834c3,5ba9d27b-7a89-55a0-8985-06e84bc2a5d7
919e6b7f-8006-5ffa-a058-1767a194dd79,de05ea42-6465-52a2-90ae-43b3c7f2dd51
f1b3193c-26ef-5b88-9f92-9b841107e9ed,ed7abca6-0331-5505-8ed2-69fb8ad02ac2
f1d42110-c455-53fe-b995-d5776b9b141c,d084d129-6585-53c2-9b8c-e6708ffda5d2
7b39805e-26db-5d99-ab1d-93acd92384f5,805acb36-e8d6-5419-bd9b-3762d3743b4e
98dfca42-4d25-571d-a50b-fc3d494c6d79,ca1a1082-9cae-54c1-83cb-bb856733075f
98dfca42-4d25-571d-a50b-fc3d494c6d79,73196b08-bc64-5db2-8df1-05b792627082
3d4d163e-b78e-5f66-9872-9bf0d8e95fba,07ea6fe3-05cb-562b-a365-f558d8aaed24
5349df35-fa70-571c-ab46-b41ca2ee14a9,15e58f94-e392-5242-bd82-f085292a6d30
7816d734-9f43-5e1c-bbd9-26f4392afa2f,7e600cca-bb18-5b6f-a30d-28a396076972
7c5afae2-b092-54c2-ae04-b7f192f14538,f0904fa9-6edf-59de-835a-35b07cc5a078
7cd75ddd-2d67-52a6-8a10-a79e7589358e,06a4e01f-41a8-503b-be7b-65533f877913
8705f800-3175-5462-8dd6-acc58184007d,91bfc7aa-c08c-515c-91ec-d0bdf3a3d90c
3282b757-26b8-55e0-9acd-f0c6cf8db9c7,f5cf7b53-1be1-56d3-a162-b67238de13dc
b96928ff-ec41-54a6-ae1e-8e737903026d,3c14d5ad-1de8-55d0-84f4-06d701207a54
759f9e39-bdcd-53b3-ad47-69ee8e31eead,9428ef15-62ef-5dd8-b134-61bd98b184f5
556fc398-61d5-5506-8d4e-8de7ed4fbaa6,b4e0d45f-b5ad-5db3-839d-18ebbfdfd938
556fc398-61d5-5506-8d4e-8de7ed4fbaa6,25e0a7ae-eb15-5aa3-9ed2-bdc4f988fd9d
f0d58681-670e-5428-996e-e586099bfe1a,529955c9-a1f6-5efc-b8dc-d2352f282563
d3871712-bd6d-5ece-a16e-71f68467b41a,f5cf7b53-1be1-56d3-a162-b67238de13dc
329dfae7-95dd-52b6-aa8b-97fdfcf08b9e,2e8f9536-bc26-5ebb-b9cc-dc674f35387b
329dfae7-95dd-52b6-aa8b-97fdfcf08b9e,529955c9-a1f6-5efc-b8dc-d2352f282563
49d75d82-6fa7-5dc7-a613-6658eb5dbb03,94479c5c-be30-50fd-ad2d-ed31f8f78e08
917c0477-a76c-5f59-96b8-1fac68edafbf,23956f66-0f56-5594-b50f-7b2b83107a72
2275e217-ef70-5a2a-aceb-4968fcb7f7b2,ec16c79c-5288-57f1-8074-03c18e3ec44a
f28eee95-cef7-5c4c-a306-7bbfdbd99b47,8728dd70-7ae9-5c9a-ab40-ff33375542fc
e95ef85b-9adb-53cf-bcd3-dab68e43035b,5e87329d-5486-5d90-b1d1-6ad93fde058b
4ecc9eda-a513-5d59-b485-ad05cb06f170,59ea382d-281c-50f5-ba09-20c465e979d8
082e862d-265f-5f33-9dfe-2bef124f0721,30ec5268-5604-58a6-b5f8-3743266ab9ab
96ff8dc7-280a-5bd6-843b-fb6849bb3ebc,f5cf7b53-1be1-56d3-a162-b67238de13dc
0c65a8bb-a90e-5510-99e2-1cc26d1802ec,c61b4c99-fa62-5e8e-b16d-1a49b41fcd98
0685ca73-b1cf-56d7-b342-e98da55139bc,0ecab0d7-0c52-5105-8390-cac33d4da230
2003a9c5-037b-5d1b-8e59-8bc9a7c745ba,40e7266c-efcd-59ca-b662-2043d79dcad5
2003a9c5-037b-5d1b-8e59-8bc9a7c745ba,817c53b9-5bfa-57c2-ae4d-a1debc9fec6b
2003a9c5-037b-5d1b-8e59-8bc9a7c745ba,74de5fa4-805a-5bad-840d-be1bd2782b8d
2003a9c5-037b-5d1b-8e59-8bc9a7c745ba,2d0aba2c-117b-579c-959e-e3944d4fd682
2003a9c5-037b-5d1b-8e59-8bc9a7c745ba,8b6c17ef-af2c-5ec3-ba42-c14dd13634a1
6dc5d156-9358-54c2-b42b-47fe26e33bbb,0d5fb445-b9e5-5c7c-9268-73e2ac327eec
3e1d7767-57f0-5d65-ac3a-59567e32e2dd,f5cf7b53-1be1-56d3-a162-b67238de13dc
d9a4b6a2-594a-5f13-8610-35855100a990,688ecc43-ffe3-5c2a-b5e9-0df21fe06a89
d9a4b6a2-594a-5f13-8610-35855100a990,f5314a7f-f050-5812-b64d-9a1e6075d331
d14243d0-07ef-55d7-83bb-db787ea3a57b,b4e0d45f-b5ad-5db3-839d-18ebbfdfd938
d14243d0-07ef-55d7-83bb-db787ea3a57b,25e0a7ae-eb15-5aa3-9ed2-bdc4f988fd9d
d9f54c62-0c49-5eda-88f2-6bda87d3d449,b45c2a31-c5ab-5f44-af94-ad71e1e24a9d
057ddf7c-ceed-5829-a378-9bdd7bcea0d3,6ab3666e-2f4b-5947-8fe5-f65673c4769d
2897f842-3aaf-5d14-a897-8f5f6ed69ad4,5311b763-3f10-5de9-a5ef-2868eff0adaa
2897f842-3aaf-5d14-a897-8f5f6ed69ad4,286fd92e-2e5f-5063-952d-10f4847eb917
2897f842-3aaf-5d14-a897-8f5f6ed69ad4,5cf4b2cc-0dc9-5146-8fe2-8ac2d3cdd93e
87a55e01-1dd0-5242-889e-67969aea863a,36ed3430-0383-5613-85e4-775190ec6a6f
0284d576-6fd9-5799-a6a5-60233e7b44cb,286fd92e-2e5f-5063-952d-10f4847eb917
7d0ba9ab-ebfd-598a-9a83-bef56d6d63b3,707c7ac5-7f68-5430-8dce-165f2a4f185f
7d0ba9ab-ebfd-598a-9a83-bef56d6d63b3,e3fcbdf2-888f-5567-8218-04a5fe0a177b
f098efcf-3e45-5d7a-80a8-b3fad10eae9d,b3b32a15-1a4c-5d23-9be9-adb0e63cb67d
4ef0f491-e466-53b8-b8a6-ac4843996c65,8d18595d-03a0-5f7a-8b60-c8676ed104c6
5375dcb8-f618-573c-829b-7043856fc7dd,c56cbcf4-1e0d-5882-af2d-6453da7eb0b2
77790970-7791-5abf-95d4-e460a8b3e8ee,5311b763-3f10-5de9-a5ef-2868eff0adaa
77790970-7791-5abf-95d4-e460a8b3e8ee,286fd92e-2e5f-5063-952d-10f4847eb917
abf774ad-2ede-5022-a353-27f5975f3785,3d9bf2f7-f596-5623-adb7-bd1645962cab
3643861c-0724-5a7b-980d-a73ac277c202,70ba52e3-dd80-57e1-b188-650ddef48692
3643861c-0724-5a7b-980d-a73ac277c202,b0c72e17-fc80-5882-b241-543c7ab37d29
e43b610e-1ddd-5b3a-8353-5a25f5ef96c8,013ec0aa-c44c-57b2-9854-71ce7f1c2ce8
d35940a2-531e-5cba-90dc-8f9f2e1f26ff,1e020aea-428e-5d37-80de-de0eb6e95ab5
4e3c02bd-ecfd-52d8-b438-6c0ac0b92178,aa93b9d2-d36f-55de-a2cd-65d26a34befa
98dc30c7-448e-524b-905b-08b060f86c23,73196b08-bc64-5db2-8df1-05b792627082
98dc30c7-448e-524b-905b-08b060f86c23,e59e8522-7f33-5a7b-9515-98db57e049fe
5962807a-c25d-5e27-8a68-555bbe3e05f2,10b47f11-783a-5b4b-89b8-630829db6ca4
5962807a-c25d-5e27-8a68-555bbe3e05f2,e8a6af58-9373-5e29-9aaf-5ad22cdc22ef
bdf362cf-af41-5abd-853d-694596e83c56,a62a2528-6cba-5bec-b17a-2e19d8731f22
420dc987-6a23-5922-a15a-ef4d6265e242,f0f9953a-e936-574c-9690-8600b750d514
