building,name,floor,room_fid
Workers theater,Arbis,0,2001
Cnema,Huvudrollen,2,799
Cnema,Birollen,1,737
Cnema,Statisten,1,754
Visualisation center,Wadström,4,1372
Kopparhammaren 2,KO22 (WS1),1,1699
Kopparhammaren 2,KO23 (WS2),1,1657
Kopparhammaren 2,KO24 (WS3),1,1616
Kopparhammaren 2,KO25 (WS4),1,1659
Visualisation center,Exhibition,0,1138
Visualisation center,Dome theatre,3,1352
Museum of work,Folksamsalen,6,2022
Visualisation center,Eckerberg (LWS2),-1,1097
Visualisation center,Strömmen (LWS3),-1,1111
Museum of work,Alvarummet (LWS4),6,2020
Museum of work,Lokatten (LWS5),4,2021
